ID,llama_informado
1,1
2,1
3,0
4,0
5,0
6,1
7,0
8,0
9,1
10,0
11,1
12,1
13,1
14,1
15,1
16,1
17,1
18,1
19,0
20,1
21,1
22,1
23,1
24,0
25,1
26,0
27,0
28,0
29,1
30,1
31,1
32,0
33,1
34,0
35,1
36,1
37,1
38,0
39,0
40,0
41,0
42,1
43,1
44,0
45,1
46,1
47,0
48,0
49,0
50,1
51,0
52,0
53,1
54,1
55,0
56,1
57,0
58,1
59,1
60,1
61,1
62,1
63,1
64,0
65,1
66,1
67,1
68,0
69,0
70,0
71,0
72,1
73,1
74,0
75,0
76,1
77,0
78,0
79,0
80,0
81,0
82,0
83,1
84,0
85,0
86,1
87,1
88,0
89,0
90,1
91,1
92,0
93,1
94,1
95,0
96,0
97,0
98,0
99,1
100,0
101,0
102,1
103,1
104,1
105,1
106,0
107,1
108,0
109,1
110,0
111,1
112,0
113,1
114,1
115,0
116,0
117,0
118,0
119,1
120,0
121,1
122,0
123,1
124,1
125,0
126,1
127,1
128,0
129,1
130,0
131,1
132,0
133,0
134,0
135,0
136,1
137,1
138,1
139,1
140,0
141,1
142,0
143,1
144,0
145,1
146,1
147,0
148,0
149,1
150,0
151,0
152,1
153,1
154,1
155,1
156,1
157,1
158,0
159,1
160,1
161,1
162,0
163,0
164,0
165,1
166,0
167,1
168,0
169,0
170,0
171,1
172,0
173,0
174,0
175,0
176,1
177,0
178,1
179,0
180,1
181,1
182,1
183,1
184,1
185,1
186,1
187,1
188,1
189,1
190,0
191,0
192,1
193,1
194,0
195,1
196,0
197,1
198,1
199,0
200,1
201,0
202,0
203,1
204,1
205,0
206,0
207,1
208,0
209,1
210,1
211,1
212,0
213,0
214,0
215,0
216,0
217,1
218,1
219,0
220,0
221,0
222,0
223,1
224,1
225,0
226,0
227,1
228,1
229,0
230,1
231,1
232,0
233,0
234,1
235,0
236,1
237,0
238,0
239,0
240,1
241,1
242,0
243,0
244,1
245,0
246,0
247,0
248,1
249,0
250,1
251,0
252,0
253,0
254,1
255,0
256,0
257,1
258,0
259,0
260,0
261,1
262,0
263,1
264,0
265,0
266,1
267,0
268,1
269,1
270,1
271,1
272,0
273,1
274,0
275,0
276,0
277,1
278,1
279,0
280,1
281,0
282,0
283,1
284,1
285,0
286,1
287,1
288,1
289,0
290,0
291,1
292,0
293,0
294,1
295,0
296,1
297,1
298,1
299,0
300,0
301,1
302,0
303,0
304,1
305,1
306,1
307,0
308,1
309,1
310,1
311,1
312,0
313,0
314,1
315,0
316,0
317,1
318,0
319,0
320,0
321,1
322,1
323,0
324,0
325,0
326,1
327,0
328,0
329,0
330,0
331,1
332,0
333,1
334,0
335,0
336,0
337,1
338,1
339,0
340,0
341,1
342,0
343,0
344,1
345,0
346,0
347,0
348,0
349,0
350,1
351,1
352,1
353,1
354,1
355,0
356,0
357,0
358,1
359,0
360,0
361,1
362,1
363,1
364,0
365,1
366,0
367,1
368,0
369,0
370,0
371,0
372,0
373,1
374,0
375,1
376,1
377,1
378,1
379,0
380,0
381,0
382,0
383,0
384,0
385,0
386,1
387,1
388,1
389,0
390,0
391,0
392,1
393,0
394,1
395,1
396,0
397,1
398,1
399,1
400,1
401,1
402,1
403,1
404,1
405,0
406,1
407,1
408,1
409,0
410,0
411,0
412,1
413,1
414,1
415,0
416,1
417,0
418,0
419,1
420,1
421,1
422,0
423,1
424,1
425,0
426,0
427,0
428,1
429,0
430,0
431,1
432,1
433,1
434,1
435,1
436,0
437,1
438,1
439,0
440,1
441,0
442,0
443,0
444,0
445,0
446,1
447,1
448,0
449,0
450,0
451,0
452,1
453,1
454,1
455,0
456,0
457,1
458,0
459,0
460,0
461,1
462,0
463,0
464,0
465,0
466,1
467,1
468,0
469,0
470,1
471,1
472,0
473,0
474,0
475,0
476,0
477,1
478,0
479,1
480,1
481,1
482,1
483,0
484,0
485,0
486,1
487,1
488,1
489,1
490,0
491,1
492,1
493,0
494,0
495,0
496,0
497,1
498,0
499,1
500,1
501,0
502,1
503,1
504,1
505,1
506,0
507,1
508,0
509,1
510,0
511,0
512,0
513,1
514,1
515,0
516,0
517,1
518,1
519,0
520,0
521,1
522,1
523,1
524,1
525,0
526,0
527,1
528,0
529,0
530,1
531,0
532,0
533,1
534,1
535,1
536,0
537,1
538,0
539,1
540,1
541,0
542,0
543,1
544,0
545,1
546,0
547,1
548,0
549,0
550,0
551,0
552,0
553,0
554,1
555,0
556,0
557,1
558,1
559,0
560,1
561,1
562,0
563,1
564,1
565,0
566,0
567,0
568,1
569,1
570,1
571,1
572,0
573,0
574,1
575,1
576,0
577,1
578,1
579,1
580,1
581,0
582,0
583,1
584,0
585,0
586,1
587,0
588,0
589,0
590,0
591,0
592,0
593,1
594,1
595,0
596,1
597,0
598,1
599,0
600,1
601,1
602,0
603,0
604,1
605,0
606,0
607,0
608,0
609,1
610,0
611,0
612,0
613,1
614,1
615,1
616,0
617,0
618,1
619,0
620,0
621,1
622,1
623,1
624,1
625,1
626,0
627,1
628,1
629,0
630,0
631,1
632,1
633,1
634,0
635,1
636,0
637,0
638,1
639,0
640,1
641,1
642,1
643,1
644,1
645,1
646,1
647,1
648,1
649,1
650,1
651,0
652,1
653,1
654,1
655,1
656,0
657,1
658,0
659,1
660,1
661,0
662,1
663,1
664,1
665,0
666,1
667,0
668,1
669,1
670,0
671,1
672,1
673,0
674,1
675,1
676,1
677,0
678,0
679,1
680,1
681,0
682,1
683,0
684,0
685,1
686,0
687,0
688,0
689,1
690,1
691,1
692,1
693,0
694,0
695,0
696,1
697,0
698,0
699,0
700,0
701,1
702,1
703,0
704,0
705,0
706,0
707,1
708,1
709,0
710,1
711,0
712,1
713,0
714,0
715,0
716,1
717,1
718,1
719,0
720,1
721,1
722,1
723,1
724,1
725,0
726,0
727,1
728,1
729,0
730,0
731,1
732,0
733,1
734,1
735,1
736,1
737,0
738,1
739,1
740,0
741,0
742,0
743,0
744,1
745,1
746,0
747,1
748,1
749,1
750,1
751,0
752,0
753,1
754,0
755,1
756,0
757,0
758,0
759,0
760,0
761,1
762,1
763,0
764,0
765,0
766,1
767,1
768,1
769,1
770,0
771,1
772,0
773,0
774,1
775,1
776,1
777,0
778,1
779,0
780,0
781,1
782,0
783,1
784,0
785,1
786,1
787,1
788,0
789,1
790,0
791,0
792,0
793,1
794,0
795,1
796,0
797,0
798,0
799,0
800,1
801,0
802,0
803,1
804,1
805,0
806,1
807,0
808,1
809,0
810,0
811,0
812,1
813,1
814,0
815,0
816,0
817,0
818,0
819,0
820,0
821,1
822,1
823,0
824,0
825,0
826,0
827,1
828,0
829,0
830,1
831,0
832,1
833,1
834,0
835,1
836,1
837,0
838,0
839,0
840,0
841,1
842,0
843,1
844,1
845,0
846,1
847,1
848,0
849,1
850,1
851,0
852,0
853,1
854,1
855,0
856,0
857,0
858,0
859,0
860,0
861,1
862,1
863,0
864,1
865,0
866,1
867,0
868,1
869,0
870,1
871,0
872,1
873,0
874,1
875,1
876,1
877,0
878,0
879,1
880,1
881,1
882,1
883,1
884,0
885,1
886,0
887,0
888,1
889,1
890,1
891,0
892,0
893,0
894,1
895,1
896,1
897,0
898,0
899,0
900,1
901,1
902,1
903,0
904,1
905,0
906,0
907,1
908,0
909,1
910,0
911,1
912,1
913,1
914,0
915,1
916,1
917,1
918,0
919,0
920,1
921,1
922,0
923,1
924,1
925,1
926,0
927,0
928,0
929,1
930,0
931,0
932,1
933,1
934,1
935,0
936,1
937,1
938,0
939,1
940,0
941,0
942,1
943,0
944,0
945,1
946,1
947,0
948,1
949,1
950,1
951,1
952,1
953,1
954,1
955,1
956,1
957,0
958,1
959,1
960,1
961,0
962,1
963,1
964,1
965,1
966,0
967,0
968,0
969,0
970,1
971,1
972,0
973,0
974,1
975,1
976,0
977,1
978,0
979,0
980,1
981,0
982,1
983,0
984,0
985,1
986,0
987,0
988,1
989,1
990,0
991,1
992,1
993,0
994,1
995,1
996,0
997,0
998,0
999,1
1000,0
1001,0
1002,1
1003,1
1004,1
1005,0
1006,1
1007,0
1008,1
1009,1
1010,0
1011,1
1012,1
1013,0
1014,0
1015,1
1016,1
1017,1
1018,1
1019,1
1020,1
1021,1
1022,1
1023,0
1024,0
1025,0
1026,1
1027,0
1028,1
1029,1
1030,0
1031,1
1032,1
1033,1
1034,1
1035,1
1036,0
1037,0
1038,0
1039,1
1040,0
1041,1
1042,1
1043,1
1044,0
1045,0
1046,0
1047,1
1048,0
1049,1
1050,0
1051,0
1052,1
1053,1
1054,1
1055,0
1056,1
1057,1
1058,1
1059,0
1060,0
1061,1
1062,1
1063,1
1064,0
1065,0
1066,1
1067,1
1068,0
1069,1
1070,1
1071,1
1072,0
1073,0
1074,0
1075,0
1076,0
1077,0
1078,0
1079,0
1080,1
1081,1
1082,0
1083,0
1084,0
1085,1
1086,1
1087,0
1088,1
1089,1
1090,0
1091,1
1092,1
1093,1
1094,0
1095,1
1096,1
1097,1
1098,0
1099,1
1100,1
1101,0
1102,0
1103,0
1104,0
1105,0
1106,1
1107,0
1108,1
1109,1
1110,0
1111,1
1112,0
1113,0
1114,1
1115,0
1116,1
1117,1
1118,1
1119,1
1120,1
1121,1
1122,1
1123,0
1124,0
1125,0
1126,1
1127,0
1128,0
1129,1
1130,1
1131,1
1132,0
1133,0
1134,0
1135,0
1136,1
1137,1
1138,0
1139,1
1140,0
1141,1
1142,0
1143,1
1144,1
1145,1
1146,0
1147,1
1148,1
1149,0
1150,1
1151,0
1152,0
1153,1
1154,1
1155,0
1156,0
1157,0
1158,0
1159,0
1160,0
1161,0
1162,1
1163,1
1164,1
1165,1
1166,1
1167,1
1168,1
1169,0
1170,1
1171,1
1172,0
1173,1
1174,0
1175,0
1176,1
1177,0
1178,0
1179,1
1180,1
1181,1
1182,0
1183,1
1184,0
1185,1
1186,0
1187,1
1188,0
1189,0
1190,0
1191,0
1192,1
1193,1
1194,0
1195,1
1196,1
1197,1
1198,0
1199,1
1200,1
1201,1
1202,0
1203,1
1204,1
1205,0
1206,1
1207,0
1208,1
1209,1
1210,1
1211,1
1212,0
1213,0
1214,1
1215,1
1216,1
1217,1
1218,1
1219,1
1220,1
1221,0
1222,1
1223,1
1224,1
1225,1
1226,0
1227,1
1228,0
1229,0
1230,0
1231,0
1232,0
1233,1
1234,0
1235,0
1236,1
1237,1
1238,0
1239,0
1240,0
1241,0
1242,0
1243,1
1244,0
1245,1
1246,1
1247,1
1248,0
1249,0
1250,1
1251,0
1252,1
1253,0
1254,0
1255,1
1256,0
1257,0
1258,0
1259,0
1260,1
1261,0
1262,1
1263,0
1264,0
1265,0
1266,0
1267,1
1268,1
1269,1
1270,0
1271,1
1272,1
1273,1
1274,0
1275,0
1276,1
1277,1
1278,1
1279,0
1280,1
1281,1
1282,0
1283,1
1284,0
1285,1
1286,0
1287,1
1288,1
1289,1
1290,1
1291,0
1292,1
1293,0
1294,1
1295,1
1296,0
1297,0
1298,0
1299,1
1300,1
1301,0
1302,1
1303,1
1304,0
1305,1
1306,0
1307,0
1308,1
1309,1
1310,1
1311,1
1312,1
1313,0
1314,0
1315,0
1316,1
1317,1
1318,0
1319,1
1320,1
1321,0
1322,0
1323,1
1324,1
1325,0
1326,0
1327,0
1328,0
1329,1
1330,1
1331,1
1332,1
1333,0
1334,0
1335,1
1336,0
1337,0
1338,0
1339,1
1340,1
1341,0
1342,1
1343,0
1344,1
1345,0
1346,0
1347,1
1348,1
1349,1
1350,1
1351,0
1352,1
1353,1
1354,1
1355,0
1356,1
1357,1
1358,1
1359,0
1360,1
1361,0
1362,1
1363,0
1364,0
1365,1
1366,1
1367,1
1368,0
1369,0
1370,0
1371,0
1372,1
1373,0
1374,0
1375,1
1376,0
1377,1
1378,0
1379,0
1380,0
1381,1
1382,0
1383,1
1384,1
1385,0
1386,1
1387,0
1388,0
1389,1
1390,0
1391,1
1392,1
1393,0
1394,1
1395,0
1396,1
1397,1
1398,1
1399,0
1400,0
1401,0
1402,1
1403,1
1404,0
1405,1
1406,0
1407,0
1408,0
1409,1
1410,1
1411,0
1412,0
1413,0
1414,0
1415,1
1416,1
1417,0
1418,0
1419,0
1420,0
1421,0
1422,1
1423,1
1424,1
1425,0
1426,1
1427,0
1428,1
1429,0
1430,0
1431,1
1432,1
1433,0
1434,1
1435,0
1436,1
1437,0
1438,0
1439,0
1440,0
1441,1
1442,1
1443,1
1444,1
1445,0
1446,1
1447,1
1448,0
1449,0
1450,0
1451,1
1452,0
1453,1
1454,0
1455,0
1456,0
1457,1
1458,0
1459,0
1460,0
1461,0
1462,1
1463,0
1464,1
1465,1
1466,1
1467,1
1468,1
1469,1
1470,0
1471,0
1472,0
1473,0
1474,1
1475,0
1476,0
1477,1
1478,1
1479,1
1480,0
1481,0
1482,1
1483,0
1484,1
1485,0
1486,1
1487,0
1488,0
1489,0
1490,1
1491,1
1492,0
1493,0
1494,1
1495,0
1496,1
1497,0
1498,0
1499,1
1500,0
1501,0
1502,0
1503,1
1504,1
1505,0
1506,0
1507,0
1508,1
1509,1
1510,0
1511,1
1512,1
1513,0
1514,0
1515,1
1516,0
1517,1
1518,1
1519,1
1520,1
1521,0
1522,0
1523,1
1524,1
1525,1
1526,1
1527,1
1528,0
1529,1
1530,1
1531,0
1532,1
1533,0
1534,1
1535,0
1536,1
1537,1
1538,1
1539,0
1540,1
1541,0
1542,0
1543,0
1544,1
1545,1
1546,1
1547,1
1548,0
1549,0
1550,1
1551,0
1552,0
1553,0
1554,1
1555,0
1556,0
1557,0
1558,0
1559,1
1560,0
1561,0
1562,0
1563,1
1564,1
1565,0
1566,1
1567,0
1568,0
1569,1
1570,1
1571,0
1572,1
1573,1
1574,0
1575,0
1576,0
1577,0
1578,1
1579,1
1580,1
1581,0
1582,0
1583,0
1584,1
1585,1
1586,1
1587,1
1588,0
1589,0
1590,0
1591,0
1592,1
1593,0
1594,1
1595,1
1596,0
1597,1
1598,1
1599,0
1600,1
1601,0
1602,0
1603,0
1604,0
1605,0
1606,0
1607,0
1608,1
1609,1
1610,0
1611,0
1612,0
1613,0
1614,1
1615,0
1616,1
1617,0
1618,1
1619,1
1620,0
1621,0
1622,1
1623,1
1624,1
1625,0
1626,1
1627,0
1628,0
1629,1
1630,1
1631,1
1632,0
1633,0
1634,0
1635,0
1636,1
1637,1
1638,1
1639,1
1640,1
1641,0
1642,0
1643,0
1644,0
1645,0
1646,0
1647,0
1648,1
1649,1
1650,0
1651,1
1652,0
1653,1
1654,0
1655,1
1656,0
1657,0
1658,1
1659,1
1660,1
1661,0
1662,1
1663,0
1664,0
1665,0
1666,0
1667,0
1668,0
1669,0
1670,0
1671,0
1672,0
1673,0
1674,0
1675,0
1676,1
1677,0
1678,1
1679,0
1680,1
1681,1
1682,1
1683,1
1684,1
1685,1
1686,1
1687,1
1688,1
1689,0
1690,0
1691,1
1692,0
1693,1
1694,1
1695,1
1696,0
1697,0
1698,0
1699,1
1700,1
1701,0
1702,0
1703,1
1704,0
1705,0
1706,1
1707,0
1708,0
1709,1
1710,1
1711,1
1712,1
1713,1
1714,0
1715,0
1716,1
1717,0
1718,0
1719,1
1720,0
1721,0
1722,1
1723,0
1724,1
1725,0
1726,0
1727,0
1728,1
1729,1
1730,0
1731,1
1732,0
1733,0
1734,1
1735,1
1736,1
1737,1
1738,1
1739,1
1740,1
1741,0
1742,1
1743,0
1744,1
1745,0
1746,0
1747,1
1748,1
1749,0
1750,0
1751,1
1752,1
1753,1
1754,1
1755,1
1756,1
1757,0
1758,0
1759,1
1760,1
1761,1
1762,1
1763,1
1764,1
1765,0
1766,1
1767,1
1768,1
1769,1
1770,0
1771,1
1772,1
1773,0
1774,1
1775,0
1776,1
1777,1
1778,1
1779,0
1780,1
1781,1
1782,0
1783,1
1784,0
1785,0
1786,1
1787,0
1788,0
1789,0
1790,0
1791,1
1792,0
1793,0
1794,0
1795,1
1796,0
1797,1
1798,1
1799,1
1800,1
1801,1
1802,0
1803,0
1804,0
1805,1
1806,0
1807,1
1808,1
1809,1
1810,0
1811,1
1812,1
1813,0
1814,0
1815,0
1816,0
1817,1
1818,1
1819,1
1820,1
1821,1
1822,0
1823,1
1824,0
1825,1
1826,0
1827,1
1828,1
1829,0
1830,1
1831,0
1832,1
1833,0
1834,0
1835,1
1836,0
1837,0
1838,1
1839,0
1840,1
1841,0
1842,1
1843,0
1844,0
1845,0
1846,0
1847,1
1848,0
1849,1
1850,0
1851,1
1852,1
1853,0
1854,0
1855,1
1856,1
1857,0
1858,0
1859,0
1860,0
1861,0
1862,1
1863,1
1864,1
1865,1
1866,1
1867,1
1868,1
1869,0
1870,0
1871,1
1872,0
1873,1
1874,1
1875,1
1876,1
1877,0
1878,1
1879,1
1880,1
1881,0
1882,1
1883,0
1884,1
1885,1
1886,1
1887,0
1888,0
1889,0
1890,1
1891,1
1892,1
1893,1
1894,0
1895,0
1896,0
1897,1
1898,1
1899,0
1900,0
1901,0
1902,0
1903,1
1904,0
1905,1
1906,1
1907,1
1908,0
1909,0
1910,1
1911,0
1912,0
1913,0
1914,0
1915,1
1916,0
1917,0
1918,1
1919,1
1920,1
1921,1
1922,1
1923,1
1924,1
1925,0
1926,1
1927,0
1928,0
1929,0
1930,0
1931,1
1932,0
1933,0
1934,0
1935,1
1936,1
1937,0
1938,1
1939,1
1940,1
1941,0
1942,1
1943,1
1944,0
1945,1
1946,1
1947,1
1948,0
1949,1
1950,0
1951,1
1952,1
1953,0
1954,1
1955,0
1956,0
1957,1
1958,0
1959,0
1960,0
1961,1
1962,0
1963,1
1964,0
1965,0
1966,0
1967,1
1968,1
1969,1
1970,0
1971,1
1972,1
1973,0
1974,1
1975,1
1976,1
1977,1
1978,0
1979,1
1980,1
1981,0
1982,0
1983,0
1984,1
1985,0
1986,0
1987,0
1988,0
1989,0
1990,0
1991,0
1992,0
1993,1
1994,1
1995,1
1996,1
1997,0
1998,0
1999,1
2000,0
2001,1
2002,0
2003,0
2004,0
2005,0
2006,1
2007,1
2008,0
2009,1
2010,1
2011,1
2012,0
2013,0
2014,1
2015,1
2016,0
2017,0
2018,1
2019,0
2020,0
2021,0
2022,1
2023,1
2024,0
2025,0
2026,1
2027,1
2028,0
2029,0
2030,1
2031,0
2032,1
2033,1
2034,0
2035,0
2036,0
2037,1
2038,0
2039,0
2040,1
2041,1
2042,1
2043,0
2044,1
2045,1
2046,1
2047,0
2048,0
2049,1
2050,1
2051,1
2052,1
2053,0
2054,0
2055,1
2056,1
2057,1
2058,1
2059,1
2060,0
2061,1
2062,0
2063,1
2064,0
2065,1
2066,1
2067,1
2068,1
2069,0
2070,0
2071,0
2072,0
2073,1
2074,0
2075,1
2076,1
2077,1
2078,0
2079,1
2080,0
2081,1
2082,1
2083,1
2084,1
2085,1
2086,0
2087,1
2088,1
2089,1
2090,0
2091,0
2092,0
2093,0
2094,0
2095,0
2096,0
2097,0
2098,1
2099,0
2100,0
2101,0
2102,1
2103,0
2104,1
2105,1
2106,0
2107,1
2108,1
2109,0
2110,0
2111,1
2112,0
2113,0
2114,0
2115,1
2116,0
2117,1
2118,1
2119,0
2120,0
2121,0
2122,1
2123,0
2124,1
2125,0
2126,1
2127,0
2128,0
2129,0
2130,1
2131,1
2132,0
2133,0
2134,0
2135,1
2136,1
2137,1
2138,0
2139,1
2140,0
2141,1
2142,1
2143,0
2144,0
2145,1
2146,0
2147,1
2148,0
2149,1
2150,1
2151,0
2152,1
2153,0
2154,0
2155,1
2156,1
2157,0
2158,1
2159,1
2160,0
2161,0
2162,1
2163,0
2164,1
2165,0
2166,1
2167,0
2168,1
2169,1
2170,0
2171,1
2172,0
2173,0
2174,1
2175,1
2176,1
2177,0
2178,0
2179,1
2180,1
2181,1
2182,0
2183,0
2184,0
2185,1
2186,0
2187,1
2188,1
2189,1
2190,0
2191,1
2192,0
2193,1
2194,1
2195,0
2196,1
2197,0
2198,1
2199,0
2200,0
2201,0
2202,0
2203,1
2204,1
2205,1
2206,1
2207,0
2208,1
2209,1
2210,0
2211,0
2212,1
2213,1
2214,1
2215,1
2216,0
2217,1
2218,0
2219,1
2220,1
2221,0
2222,1
2223,0
2224,0
2225,1
2226,1
2227,0
2228,0
2229,0
2230,1
2231,0
2232,1
2233,1
2234,0
2235,1
2236,0
2237,0
2238,1
2239,1
2240,1
2241,1
2242,0
2243,1
2244,1
2245,0
2246,0
2247,1
2248,1
2249,0
2250,0
2251,1
2252,1
2253,1
2254,1
2255,0
2256,1
2257,1
2258,1
2259,0
2260,1
2261,0
2262,1
2263,1
2264,1
2265,1
2266,0
2267,1
2268,1
2269,1
2270,1
2271,1
2272,1
2273,1
2274,1
2275,0
2276,1
2277,0
2278,1
2279,0
2280,1
2281,1
2282,1
2283,0
2284,1
2285,0
2286,1
2287,1
2288,1
2289,1
2290,0
2291,1
2292,0
2293,0
2294,0
2295,0
2296,1
2297,0
2298,0
2299,0
2300,1
2301,0
2302,1
2303,0
2304,0
2305,1
2306,0
2307,1
2308,0
2309,0
2310,1
2311,0
2312,0
2313,0
2314,1
2315,1
2316,0
2317,0
2318,1
2319,1
2320,0
2321,0
2322,0
2323,0
2324,1
2325,1
2326,1
2327,1
2328,1
2329,0
2330,0
2331,1
2332,1
2333,1
2334,0
2335,0
2336,0
2337,1
2338,0
2339,1
2340,0
2341,1
2342,1
2343,0
2344,1
2345,1
2346,0
2347,0
2348,1
2349,1
2350,1
2351,0
2352,1
2353,1
2354,0
2355,0
2356,0
2357,0
2358,1
2359,0
2360,1
2361,0
2362,0
2363,0
2364,0
2365,1
2366,0
2367,0
2368,0
2369,0
2370,0
2371,0
2372,1
2373,0
2374,1
2375,0
2376,0
2377,1
2378,1
2379,1
2380,1
2381,1
2382,0
2383,0
2384,1
2385,1
2386,1
2387,1
2388,0
2389,1
2390,0
2391,1
2392,1
2393,0
2394,0
2395,1
2396,0
2397,0
2398,1
2399,0
2400,0
2401,1
2402,0
2403,1
2404,1
2405,0
2406,1
2407,0
2408,1
2409,1
2410,0
2411,1
2412,1
2413,0
2414,0
2415,1
2416,0
2417,1
2418,0
2419,0
2420,0
2421,1
2422,1
2423,1
2424,1
2425,0
2426,1
2427,1
2428,1
2429,1
2430,0
2431,0
2432,1
2433,0
2434,1
2435,1
2436,0
2437,0
2438,1
2439,1
2440,0
2441,1
2442,1
2443,1
2444,0
2445,0
2446,0
2447,1
2448,1
2449,1
2450,0
2451,0
2452,1
2453,0
2454,0
2455,1
2456,1
2457,0
2458,0
2459,0
2460,0
2461,1
2462,0
2463,0
2464,1
2465,1
2466,0
2467,1
2468,0
2469,1
2470,0
2471,0
2472,1
2473,0
2474,1
2475,1
2476,0
2477,0
2478,0
2479,0
2480,0
2481,0
2482,1
2483,0
2484,0
2485,0
2486,1
2487,1
2488,1
2489,1
2490,1
2491,1
2492,0
2493,1
2494,0
2495,1
2496,1
2497,0
2498,1
2499,0
2500,1
2501,0
2502,0
2503,1
2504,0
2505,1
2506,0
2507,1
2508,0
2509,0
2510,0
2511,0
2512,0
2513,0
2514,0
2515,0
2516,1
2517,1
2518,0
2519,1
2520,0
2521,0
2522,1
2523,1
2524,0
2525,0
2526,1
2527,0
2528,0
2529,0
2530,0
2531,1
2532,1
2533,0
2534,0
2535,1
2536,0
2537,0
2538,1
2539,0
2540,1
2541,0
2542,1
2543,0
2544,0
2545,0
2546,1
2547,0
2548,1
2549,1
2550,0
2551,1
2552,1
2553,0
2554,0
2555,0
2556,0
2557,1
2558,0
2559,1
2560,0
2561,1
2562,0
2563,0
2564,0
2565,1
2566,1
2567,0
2568,0
2569,1
2570,1
2571,1
2572,1
2573,1
2574,1
2575,1
2576,1
2577,0
2578,1
2579,1
2580,1
2581,0
2582,1
2583,0
2584,1
2585,0
2586,0
2587,1
2588,1
2589,0
2590,0
2591,0
2592,0
2593,0
2594,1
2595,1
2596,0
2597,0
2598,1
2599,1
2600,0
2601,1
2602,1
2603,1
2604,0
2605,0
2606,1
2607,0
2608,0
2609,0
2610,1
2611,1
2612,1
2613,1
2614,0
2615,0
2616,1
2617,1
2618,0
2619,0
2620,0
2621,1
2622,1
2623,1
2624,1
2625,1
2626,1
2627,1
2628,0
2629,1
2630,1
2631,0
2632,0
2633,0
2634,0
2635,1
2636,1
2637,1
2638,1
2639,1
2640,0
2641,0
2642,0
2643,1
2644,0
2645,0
2646,1
2647,0
2648,1
2649,1
2650,0
2651,0
2652,0
2653,0
2654,1
2655,1
2656,1
2657,1
2658,0
2659,0
2660,1
2661,1
2662,0
2663,0
2664,1
2665,1
2666,0
2667,1
2668,1
2669,0
2670,0
2671,0
2672,0
2673,1
2674,1
2675,1
2676,0
2677,0
2678,1
2679,1
2680,0
2681,1
2682,1
2683,1
2684,0
2685,1
2686,1
2687,0
2688,1
2689,0
2690,0
2691,0
2692,1
2693,1
2694,0
2695,1
2696,1
2697,1
2698,0
2699,1
2700,1
2701,0
2702,0
2703,1
2704,1
2705,1
2706,1
2707,1
2708,0
2709,0
2710,0
2711,0
2712,1
2713,1
2714,1
2715,1
2716,0
2717,0
2718,0
2719,1
2720,0
2721,0
2722,1
2723,1
2724,0
2725,1
2726,1
2727,0
2728,1
2729,1
2730,1
2731,1
2732,1
2733,0
2734,0
2735,1
2736,1
2737,1
2738,1
2739,1
2740,1
2741,1
2742,0
2743,1
2744,1
2745,0
2746,0
2747,0
2748,1
2749,0
2750,0
2751,1
2752,1
2753,0
2754,1
2755,0
2756,0
2757,1
2758,1
2759,0
2760,0
2761,0
2762,1
2763,1
2764,0
2765,0
2766,0
2767,1
2768,1
2769,1
2770,0
2771,0
2772,1
2773,1
2774,1
2775,0
2776,0
2777,0
2778,1
2779,1
2780,0
2781,1
2782,1
2783,0
2784,1
2785,1
2786,0
2787,1
2788,1
2789,1
2790,0
2791,0
2792,1
2793,1
2794,1
2795,0
2796,1
2797,0
2798,1
2799,0
2800,1
2801,1
2802,0
2803,1
2804,1
2805,0
2806,1
2807,1
2808,0
2809,0
2810,0
2811,0
2812,0
2813,1
2814,1
2815,0
2816,1
2817,0
2818,0
2819,1
2820,0
2821,1
2822,0
2823,1
2824,1
2825,0
2826,0
2827,1
2828,0
2829,0
2830,1
2831,0
2832,0
2833,0
2834,0
2835,0
2836,1
2837,0
2838,0
2839,0
2840,1
2841,1
2842,0
2843,1
2844,1
2845,0
2846,1
2847,1
2848,1
2849,1
2850,1
2851,1
2852,0
2853,1
2854,1
2855,0
2856,0
2857,1
2858,0
2859,1
2860,1
2861,1
2862,0
2863,1
2864,0
2865,1
2866,0
2867,1
2868,0
2869,1
2870,1
2871,0
2872,0
2873,1
2874,0
2875,1
2876,1
2877,0
2878,0
2879,1
2880,1
2881,1
2882,1
2883,1
2884,1
2885,0
2886,0
2887,0
2888,0
2889,0
2890,0
2891,1
2892,1
2893,0
2894,1
2895,0
2896,1
2897,1
2898,0
2899,1
2900,1
2901,1
2902,1
2903,0
2904,0
2905,1
2906,1
2907,0
2908,1
2909,1
2910,0
2911,1
2912,0
2913,0
2914,1
2915,1
2916,1
2917,1
2918,1
2919,0
2920,0
2921,1
2922,0
2923,1
2924,1
2925,0
2926,1
2927,0
2928,0
2929,0
2930,1
2931,0
2932,0
2933,1
2934,0
2935,0
2936,0
2937,1
2938,0
2939,0
2940,1
2941,1
2942,1
2943,0
2944,1
2945,1
2946,1
2947,1
2948,0
2949,0
2950,1
2951,0
2952,0
2953,1
2954,1
2955,0
2956,0
2957,0
2958,0
2959,1
2960,1
2961,1
2962,0
2963,1
2964,0
2965,0
2966,0
2967,1
2968,0
2969,0
2970,0
2971,1
2972,0
2973,1
2974,1
2975,1
2976,0
2977,1
2978,0
2979,0
2980,1
2981,1
2982,0
2983,1
2984,0
2985,0
2986,1
2987,0
2988,1
2989,1
2990,0
2991,0
2992,1
2993,0
2994,0
2995,0
2996,0
2997,0
2998,1
2999,0
3000,1
3001,0
3002,0
3003,1
3004,1
3005,1
3006,1
3007,1
3008,0
3009,1
3010,0
3011,1
3012,1
3013,0
3014,1
3015,1
3016,0
3017,1
3018,0
3019,1
3020,1
3021,0
3022,1
3023,0
3024,0
3025,1
3026,1
3027,0
3028,0
3029,0
3030,1
3031,0
3032,1
3033,0
3034,0
3035,1
3036,0
3037,0
3038,1
3039,1
3040,0
3041,1
3042,1
3043,0
3044,1
3045,0
3046,0
3047,0
3048,1
3049,0
3050,0
3051,0
3052,1
3053,1
3054,1
3055,0
3056,1
3057,0
3058,0
3059,1
3060,1
3061,0
3062,0
3063,1
3064,1
3065,0
3066,1
3067,0
3068,1
3069,1
3070,1
3071,1
3072,1
3073,0
3074,0
3075,1
3076,1
3077,1
3078,0
3079,0
3080,0
3081,0
3082,0
3083,1
3084,0
3085,0
3086,1
3087,0
3088,0
3089,1
3090,0
3091,0
3092,1
3093,0
3094,1
3095,0
3096,1
3097,0
3098,0
3099,0
3100,1
3101,0
3102,0
3103,0
3104,1
3105,1
3106,1
3107,1
3108,1
3109,0
3110,1
3111,1
3112,0
3113,1
3114,0
3115,1
3116,1
3117,0
3118,0
3119,1
3120,0
3121,0
3122,0
3123,1
3124,0
3125,1
3126,1
3127,1
3128,1
3129,1
3130,0
3131,1
3132,0
3133,0
3134,1
3135,1
3136,1
3137,1
3138,1
3139,1
3140,1
3141,1
3142,0
3143,0
3144,0
3145,1
3146,0
3147,1
3148,1
3149,1
3150,1
3151,1
3152,1
3153,1
3154,0
3155,1
3156,0
3157,1
3158,0
3159,1
3160,1
3161,1
3162,0
3163,1
3164,1
3165,0
3166,0
3167,1
3168,0
3169,0
3170,0
3171,0
3172,1
3173,1
3174,0
3175,1
3176,0
3177,1
3178,1
3179,0
3180,1
3181,0
3182,0
3183,1
3184,0
3185,1
3186,1
3187,0
3188,0
3189,0
3190,1
3191,1
3192,1
3193,1
3194,1
3195,1
3196,1
3197,1
3198,1
3199,0
3200,0
3201,1
3202,0
3203,1
3204,0
3205,1
3206,0
3207,1
3208,0
3209,0
3210,0
3211,1
3212,1
3213,1
3214,1
3215,0
3216,1
3217,1
3218,1
3219,0
3220,1
3221,1
3222,1
3223,0
3224,0
3225,0
3226,0
3227,0
3228,0
3229,1
3230,0
3231,1
3232,1
3233,1
3234,0
3235,1
3236,0
3237,0
3238,0
3239,1
3240,1
3241,1
3242,1
3243,1
3244,1
3245,1
3246,1
3247,0
3248,0
3249,1
3250,1
3251,1
3252,0
3253,0
3254,1
3255,1
3256,1
3257,1
3258,1
3259,0
3260,1
3261,1
3262,0
3263,1
3264,0
3265,1
3266,0
3267,1
3268,1
3269,1
3270,1
3271,1
3272,1
3273,0
3274,0
3275,1
3276,0
3277,1
3278,1
3279,0
3280,1
3281,0
3282,0
3283,1
3284,1
3285,1
3286,1
3287,0
3288,0
3289,0
3290,1
3291,0
3292,1
3293,1
3294,0
3295,1
3296,1
3297,1
3298,1
3299,0
3300,1
3301,0
3302,1
3303,1
3304,1
3305,1
3306,0
3307,1
3308,1
3309,0
3310,1
3311,1
3312,1
3313,1
3314,0
3315,0
3316,1
3317,1
3318,0
3319,1
3320,1
3321,1
3322,0
3323,0
3324,0
3325,0
3326,0
3327,1
3328,0
3329,1
3330,1
3331,1
3332,1
3333,0
3334,1
3335,1
3336,1
3337,0
3338,1
3339,1
3340,0
3341,1
3342,1
3343,1
3344,1
3345,0
3346,0
3347,0
3348,0
3349,0
3350,1
3351,1
3352,0
3353,1
3354,0
3355,1
3356,0
3357,0
3358,0
3359,1
3360,0
3361,1
3362,0
3363,1
3364,1
3365,1
3366,1
3367,1
3368,0
3369,1
3370,1
3371,0
3372,1
3373,1
3374,0
3375,1
3376,1
3377,0
3378,0
3379,0
3380,0
3381,0
3382,0
3383,1
3384,1
3385,0
3386,0
3387,0
3388,1
3389,1
3390,0
3391,1
3392,1
3393,1
3394,0
3395,1
3396,0
3397,1
3398,1
3399,0
3400,1
3401,0
3402,1
3403,1
3404,0
3405,1
3406,0
3407,1
3408,1
3409,1
3410,1
3411,0
3412,0
3413,0
3414,0
3415,1
3416,1
3417,0
3418,1
3419,0
3420,0
3421,1
3422,1
3423,0
3424,0
3425,1
3426,1
3427,0
3428,0
3429,1
3430,1
3431,1
3432,1
3433,1
3434,1
3435,1
3436,1
3437,0
3438,1
3439,0
3440,0
3441,0
3442,1
3443,0
3444,1
3445,0
3446,0
3447,1
3448,0
3449,1
3450,1
3451,0
3452,1
3453,0
3454,0
3455,1
3456,0
3457,1
3458,0
3459,1
3460,1
3461,0
3462,1
3463,1
3464,1
3465,1
3466,1
3467,0
3468,1
3469,0
3470,1
3471,1
3472,0
3473,0
3474,0
3475,0
3476,0
3477,0
3478,0
3479,1
3480,1
3481,0
3482,1
3483,0
3484,1
3485,1
3486,0
3487,0
3488,1
3489,0
3490,1
3491,0
3492,1
3493,1
3494,0
3495,0
3496,1
3497,1
3498,0
3499,0
3500,1
3501,1
3502,1
3503,1
3504,0
3505,0
3506,0
3507,0
3508,1
3509,0
3510,0
3511,1
3512,0
3513,1
3514,1
3515,0
3516,0
3517,0
3518,1
3519,1
3520,1
3521,1
3522,1
3523,1
3524,1
3525,0
3526,0
3527,1
3528,1
3529,0
3530,1
3531,1
3532,1
3533,0
3534,0
3535,0
3536,1
3537,0
3538,1
3539,1
3540,0
3541,1
3542,1
3543,0
3544,1
3545,0
3546,0
3547,0
3548,0
3549,0
3550,0
3551,0
3552,0
3553,0
3554,1
3555,0
3556,0
3557,0
3558,1
3559,0
3560,0
3561,1
3562,0
3563,1
3564,0
3565,1
3566,0
3567,1
3568,1
3569,1
3570,1
3571,1
3572,1
3573,1
3574,0
3575,1
3576,1
3577,1
3578,1
3579,1
3580,1
3581,1
3582,1
3583,1
3584,1
3585,1
3586,0
3587,1
3588,0
3589,1
3590,0
3591,0
3592,1
3593,1
3594,0
3595,1
3596,1
3597,0
3598,1
3599,1
3600,1
3601,1
3602,1
3603,0
3604,0
3605,1
3606,0
3607,1
3608,0
3609,1
3610,0
3611,1
3612,0
3613,1
3614,0
3615,1
3616,0
3617,1
3618,1
3619,0
3620,0
3621,0
3622,0
3623,0
3624,1
3625,1
3626,1
3627,1
3628,1
3629,1
3630,1
3631,1
3632,0
3633,1
3634,1
3635,0
3636,1
3637,1
3638,0
3639,1
3640,0
3641,0
3642,0
3643,0
3644,0
3645,0
3646,1
3647,0
3648,1
3649,1
3650,1
3651,0
3652,0
3653,1
3654,0
3655,1
3656,0
3657,0
3658,0
3659,0
3660,1
3661,1
3662,1
3663,0
3664,1
3665,1
3666,0
3667,1
3668,1
3669,1
3670,1
3671,1
3672,1
3673,1
3674,0
3675,1
3676,1
3677,0
3678,1
3679,1
3680,1
3681,0
3682,0
3683,1
3684,1
3685,0
3686,1
3687,1
3688,0
3689,0
3690,1
3691,0
3692,0
3693,1
3694,1
3695,1
3696,1
3697,0
3698,1
3699,0
3700,0
3701,0
3702,1
3703,0
3704,1
3705,1
3706,0
3707,1
3708,1
3709,0
3710,1
3711,1
3712,0
3713,1
3714,1
3715,0
3716,1
3717,1
3718,0
3719,0
3720,0
3721,1
3722,1
3723,0
3724,0
3725,1
3726,1
3727,0
3728,1
3729,0
3730,1
3731,0
3732,1
3733,1
3734,0
3735,1
3736,0
3737,0
3738,0
3739,1
3740,0
3741,1
3742,0
3743,1
3744,0
3745,1
3746,0
3747,0
3748,1
3749,0
3750,0
3751,0
3752,0
3753,0
3754,0
3755,1
3756,1
3757,0
3758,1
3759,1
3760,0
3761,0
3762,0
3763,1
3764,0
3765,0
3766,0
3767,1
3768,1
3769,1
3770,0
3771,0
3772,1
3773,0
3774,0
3775,0
3776,1
3777,1
3778,1
3779,0
3780,0
3781,1
3782,1
3783,0
3784,1
3785,1
3786,1
3787,0
3788,0
3789,0
3790,1
3791,1
3792,0
3793,0
3794,0
3795,1
3796,1
3797,1
3798,0
3799,0
3800,0
3801,1
3802,0
3803,1
3804,1
3805,0
3806,0
3807,0
3808,0
3809,0
3810,0
3811,0
3812,0
3813,1
3814,1
3815,0
3816,1
3817,0
3818,1
3819,0
3820,0
3821,0
3822,1
3823,1
3824,1
3825,1
3826,0
3827,0
3828,0
3829,1
3830,0
3831,1
3832,0
3833,1
3834,0
3835,0
3836,1
3837,0
3838,0
3839,0
3840,0
3841,1
3842,1
3843,1
3844,0
3845,1
3846,1
3847,1
3848,0
3849,1
3850,0
3851,0
3852,1
3853,0
3854,1
3855,0
3856,0
3857,0
3858,1
3859,0
3860,1
3861,1
3862,1
3863,0
3864,0
3865,0
3866,1
3867,0
3868,0
3869,1
3870,1
3871,1
3872,1
3873,0
3874,0
3875,0
3876,1
3877,0
3878,1
3879,0
3880,0
3881,1
3882,1
3883,0
3884,1
3885,0
3886,0
3887,1
3888,0
3889,1
3890,0
3891,0
3892,0
3893,0
3894,1
3895,1
3896,0
3897,1
3898,0
3899,0
3900,0
3901,0
3902,1
3903,0
3904,1
3905,0
3906,0
3907,0
3908,1
3909,1
3910,1
3911,0
3912,1
3913,1
3914,1
3915,1
3916,1
3917,1
3918,0
3919,0
3920,1
3921,0
3922,0
3923,1
3924,1
3925,1
3926,0
3927,0
3928,1
3929,0
3930,0
3931,1
3932,0
3933,0
3934,0
3935,1
3936,1
3937,1
3938,1
3939,1
3940,0
3941,0
3942,1
3943,0
3944,1
3945,0
3946,0
3947,1
3948,0
3949,0
3950,0
3951,1
3952,1
3953,0
3954,1
3955,1
3956,0
3957,0
3958,1
3959,0
3960,1
3961,1
3962,0
3963,0
3964,1
3965,0
3966,0
3967,0
3968,0
3969,1
3970,0
3971,0
3972,1
3973,0
3974,1
3975,1
3976,0
3977,0
3978,1
3979,1
3980,1
3981,0
3982,1
3983,1
3984,0
3985,1
3986,0
3987,1
3988,1
3989,0
3990,1
3991,1
3992,0
3993,1
3994,0
3995,1
3996,1
3997,1
3998,0
3999,0
4000,1
4001,1
4002,1
4003,0
4004,1
4005,0
4006,1
4007,1
4008,1
4009,1
4010,0
4011,1
4012,0
4013,1
4014,1
4015,0
4016,0
4017,1
4018,1
4019,0
4020,0
4021,1
4022,1
4023,1
4024,0
4025,1
4026,0
4027,0
4028,0
4029,0
4030,0
4031,1
4032,0
4033,0
4034,1
4035,0
4036,0
4037,1
4038,0
4039,0
4040,0
4041,0
4042,0
4043,0
4044,0
4045,0
4046,1
4047,0
4048,0
4049,0
4050,0
4051,0
4052,1
4053,1
4054,1
4055,0
4056,0
4057,1
4058,1
4059,1
4060,1
4061,1
4062,0
4063,0
4064,1
4065,0
4066,1
4067,1
4068,0
4069,0
4070,0
4071,0
4072,0
4073,0
4074,1
4075,1
4076,0
4077,1
4078,0
4079,0
4080,0
4081,1
4082,0
4083,1
4084,1
4085,1
4086,1
4087,0
4088,0
4089,1
4090,0
4091,1
4092,0
4093,1
4094,0
4095,1
4096,1
4097,0
4098,1
4099,1
4100,0
4101,0
4102,0
4103,1
4104,0
4105,0
4106,0
4107,1
4108,0
4109,0
4110,0
4111,0
4112,0
4113,0
4114,1
4115,0
4116,0
4117,1
4118,1
4119,0
4120,1
4121,1
4122,0
4123,0
4124,0
4125,0
4126,1
4127,0
4128,1
4129,1
4130,0
4131,0
4132,1
4133,0
4134,1
4135,0
4136,0
4137,1
4138,1
4139,1
4140,1
4141,1
4142,0
4143,0
4144,0
4145,1
4146,0
4147,0
4148,1
4149,1
4150,0
4151,1
4152,0
4153,1
4154,0
4155,0
4156,0
4157,1
4158,1
4159,0
4160,1
4161,1
4162,0
4163,0
4164,1
4165,0
4166,1
4167,0
4168,1
4169,1
4170,1
4171,1
4172,1
4173,1
4174,0
4175,1
4176,1
4177,0
4178,1
4179,0
4180,1
4181,1
4182,1
4183,0
4184,0
4185,0
4186,1
4187,0
4188,1
4189,0
4190,0
4191,1
4192,1
4193,0
4194,1
4195,0
4196,1
4197,0
4198,1
4199,0
4200,1
4201,1
4202,0
4203,0
4204,1
4205,0
4206,1
4207,0
4208,1
4209,0
4210,1
4211,1
4212,0
4213,0
4214,0
4215,1
4216,0
4217,0
4218,1
4219,0
4220,1
4221,0
4222,0
4223,0
4224,1
4225,1
4226,1
4227,0
4228,1
4229,1
4230,0
4231,0
4232,1
4233,1
4234,1
4235,1
4236,0
4237,1
4238,1
4239,1
4240,1
4241,1
4242,0
4243,0
4244,1
4245,1
4246,0
4247,0
4248,1
4249,1
4250,1
4251,0
4252,1
4253,1
4254,1
4255,0
4256,1
4257,1
4258,1
4259,1
4260,1
4261,1
4262,1
4263,0
4264,0
4265,1
4266,0
4267,0
4268,1
4269,1
4270,0
4271,1
4272,1
4273,0
4274,1
4275,0
4276,0
4277,0
4278,1
4279,0
4280,1
4281,0
4282,0
4283,1
4284,0
4285,0
4286,1
4287,1
4288,1
4289,0
4290,1
4291,1
4292,1
4293,1
4294,1
4295,0
4296,0
4297,0
4298,0
4299,1
4300,1
4301,0
4302,0
4303,1
4304,1
4305,1
4306,1
4307,1
4308,1
4309,0
4310,1
4311,1
4312,1
4313,0
4314,0
4315,0
4316,1
4317,1
4318,0
4319,0
4320,0
4321,1
4322,1
4323,0
4324,1
4325,1
4326,1
4327,0
4328,1
4329,0
4330,0
4331,0
4332,1
4333,1
4334,1
4335,0
4336,1
4337,1
4338,1
4339,0
4340,0
4341,0
4342,0
4343,1
4344,1
4345,1
4346,0
4347,1
4348,0
4349,1
4350,1
4351,0
4352,0
4353,1
4354,1
4355,1
4356,0
4357,0
4358,0
4359,0
4360,0
4361,0
4362,1
4363,1
4364,1
4365,1
4366,1
4367,0
4368,1
4369,0
4370,0
4371,1
4372,1
4373,0
4374,0
4375,1
4376,0
4377,1
4378,1
4379,0
4380,1
4381,1
4382,1
4383,0
4384,1
4385,0
4386,0
4387,1
4388,0
4389,0
4390,1
4391,0
4392,1
4393,1
4394,0
4395,0
4396,0
4397,1
4398,1
4399,1
4400,0
4401,0
4402,0
4403,1
4404,0
4405,0
4406,0
4407,1
4408,1
4409,1
4410,0
4411,0
4412,1
4413,0
4414,0
4415,1
4416,0
4417,0
4418,1
4419,0
4420,0
4421,1
4422,1
4423,1
4424,1
4425,0
4426,0
4427,1
4428,1
4429,0
4430,0
4431,0
4432,1
4433,1
4434,0
4435,1
4436,0
4437,0
4438,1
4439,1
4440,0
4441,1
4442,0
4443,0
4444,1
4445,0
4446,1
4447,1
4448,0
4449,0
4450,0
4451,1
4452,1
4453,0
4454,1
4455,0
4456,0
4457,1
4458,1
4459,1
4460,0
4461,1
4462,0
4463,0
4464,0
4465,1
4466,0
4467,1
4468,1
4469,1
4470,1
4471,0
4472,1
4473,0
4474,0
4475,1
4476,0
4477,1
4478,0
4479,0
4480,0
4481,1
4482,1
4483,0
4484,1
4485,0
4486,1
4487,0
4488,0
4489,0
4490,0
4491,1
4492,1
4493,0
4494,1
4495,1
4496,1
4497,0
4498,1
4499,0
4500,1
4501,1
4502,0
4503,0
4504,0
4505,0
4506,0
4507,0
4508,0
4509,0
4510,1
4511,1
4512,0
4513,0
4514,0
4515,1
4516,1
4517,0
4518,0
4519,1
4520,0
4521,0
4522,0
4523,1
4524,0
4525,1
4526,0
4527,1
4528,0
4529,1
4530,0
4531,0
4532,1
4533,1
4534,1
4535,1
4536,0
4537,0
4538,1
4539,0
4540,1
4541,1
4542,0
4543,0
4544,1
4545,1
4546,0
4547,0
4548,1
4549,0
4550,1
4551,0
4552,1
4553,1
4554,0
4555,1
4556,1
4557,1
4558,0
4559,1
4560,1
4561,0
4562,0
4563,1
4564,0
4565,0
4566,1
4567,0
4568,0
4569,1
4570,1
4571,1
4572,1
4573,1
4574,0
4575,0
4576,1
4577,1
4578,0
4579,1
4580,0
4581,1
4582,0
4583,0
4584,1
4585,1
4586,1
4587,1
4588,1
4589,0
4590,0
4591,0
4592,1
4593,0
4594,0
4595,0
4596,1
4597,0
4598,0
4599,1
4600,1
4601,1
4602,0
4603,1
4604,0
4605,0
4606,0
4607,0
4608,0
4609,1
4610,0
4611,0
4612,1
4613,1
4614,0
4615,0
4616,0
4617,1
4618,0
4619,1
4620,0
4621,0
4622,1
4623,0
4624,0
4625,1
4626,1
4627,1
4628,1
4629,1
4630,1
4631,1
4632,0
4633,1
4634,1
4635,0
4636,1
4637,1
4638,1
4639,1
4640,0
4641,0
4642,1
4643,0
4644,0
4645,1
4646,1
4647,1
4648,0
4649,0
4650,0
4651,0
4652,0
4653,0
4654,1
4655,1
4656,0
4657,1
4658,1
4659,1
4660,1
4661,1
4662,1
4663,0
4664,0
4665,0
4666,1
4667,1
4668,0
4669,1
4670,1
4671,0
4672,1
4673,0
4674,1
4675,0
4676,0
4677,1
4678,1
4679,0
4680,1
4681,1
4682,1
4683,1
4684,0
4685,1
4686,1
4687,0
4688,1
4689,0
4690,0
4691,1
4692,0
4693,0
4694,1
4695,0
4696,0
4697,0
4698,1
4699,0
4700,1
4701,1
4702,0
4703,0
4704,1
4705,1
4706,0
4707,1
4708,1
4709,0
4710,0
4711,0
4712,1
4713,0
4714,1
4715,1
4716,1
4717,1
4718,0
4719,1
4720,0
4721,0
4722,1
4723,1
4724,0
4725,0
4726,0
4727,0
4728,1
4729,1
4730,0
4731,0
4732,1
4733,0
4734,0
4735,0
4736,1
4737,1
4738,0
4739,0
4740,1
4741,1
4742,1
4743,0
4744,0
4745,1
4746,0
4747,0
4748,0
4749,0
4750,1
4751,0
4752,1
4753,0
4754,0
4755,0
4756,1
4757,1
4758,0
4759,0
4760,0
4761,1
4762,0
4763,1
4764,0
4765,1
4766,0
4767,1
4768,0
4769,0
4770,1
4771,1
4772,1
4773,0
4774,0
4775,0
4776,1
4777,1
4778,0
4779,0
4780,1
4781,0
4782,1
4783,1
4784,0
4785,0
4786,1
4787,1
4788,1
4789,0
4790,1
4791,0
4792,1
4793,0
4794,0
4795,0
4796,1
4797,0
4798,0
4799,0
4800,1
4801,1
4802,1
4803,0
4804,1
4805,1
4806,1
4807,0
4808,1
4809,1
4810,0
4811,1
4812,1
4813,0
4814,1
4815,0
4816,1
4817,1
4818,0
4819,1
4820,1
4821,0
4822,0
4823,1
4824,1
4825,0
4826,1
4827,0
4828,0
4829,1
4830,0
4831,1
4832,1
4833,1
4834,1
4835,1
4836,1
4837,1
4838,0
4839,0
4840,0
4841,1
4842,0
4843,1
4844,0
4845,0
4846,1
4847,1
4848,0
4849,0
4850,0
4851,0
4852,0
4853,0
4854,1
4855,0
4856,0
4857,1
4858,0
4859,1
4860,0
4861,0
4862,0
4863,0
4864,1
4865,0
4866,1
4867,0
4868,1
4869,0
4870,1
4871,1
4872,0
4873,1
4874,1
4875,0
4876,1
4877,0
4878,1
4879,1
4880,1
4881,1
4882,0
4883,1
4884,1
4885,1
4886,1
4887,1
4888,0
4889,1
4890,0
4891,1
4892,1
4893,0
4894,0
4895,1
4896,1
4897,0
4898,0
4899,1
4900,1
4901,0
4902,1
4903,1
4904,0
4905,1
4906,1
4907,1
4908,0
4909,1
4910,1
4911,1
4912,1
4913,0
4914,0
4915,1
4916,1
4917,1
4918,0
4919,1
4920,1
4921,0
4922,0
4923,0
4924,0
4925,1
4926,0
4927,1
4928,0
4929,0
4930,1
4931,0
4932,0
4933,1
4934,0
4935,0
4936,0
4937,1
4938,0
4939,1
4940,0
4941,1
4942,0
4943,0
4944,0
4945,0
4946,1
4947,1
4948,0
4949,1
4950,1
4951,0
4952,1
4953,0
4954,0
4955,0
4956,0
4957,1
4958,0
4959,0
4960,0
4961,1
4962,1
4963,0
4964,1
4965,1
4966,1
4967,1
4968,0
4969,0
4970,1
4971,0
4972,0
4973,0
4974,1
4975,1
4976,1
4977,1
4978,0
4979,0
4980,0
4981,1
4982,1
4983,1
4984,0
4985,0
4986,1
4987,1
4988,0
4989,1
4990,1
4991,1
4992,0
4993,0
4994,1
4995,0
4996,1
4997,1
4998,1
4999,0
5000,1
